<?xml version="1.0" encoding="UTF-8"?>
<project-private xmlns="http://www.netbeans.org/ns/project-private/1">
    <editor-bookmarks xmlns="http://www.netbeans.org/ns/editor-bookmarks/1"/>
    <open-files xmlns="http://www.netbeans.org/ns/projectui-open-files/1">
        <file>file:/F:/backup%20of%20e%20drive/Neeru/T1S2%20GUI%20Java/swapnilTIRM%20on%20172.23.3.51/Data%20Files/Data%20Files%20For%20Faculty/SL275_WIN_LF_revF.1/demos/mod03_types/exercise2/DemoProject/src/Address.java</file>
        <file>file:/F:/backup%20of%20e%20drive/Neeru/T1S2%20GUI%20Java/swapnilTIRM%20on%20172.23.3.51/Data%20Files/Data%20Files%20For%20Faculty/SL275_WIN_LF_revF.1/demos/mod03_types/exercise2/DemoProject/src/Student.java</file>
        <file>file:/F:/backup%20of%20e%20drive/Neeru/T1S2%20GUI%20Java/swapnilTIRM%20on%20172.23.3.51/Data%20Files/Data%20Files%20For%20Faculty/SL275_WIN_LF_revF.1/demos/mod03_types/exercise2/DemoProject/src/TestStudent.java</file>
    </open-files>
</project-private>
