<?xml version="1.0" encoding="UTF-8"?>
<project-private xmlns="http://www.netbeans.org/ns/project-private/1">
    <editor-bookmarks xmlns="http://www.netbeans.org/ns/editor-bookmarks/1"/>
    <open-files xmlns="http://www.netbeans.org/ns/projectui-open-files/1">
        <file>file:/C:/student/solutions/mod01_intro/exercise1/TestProject/src/Test1.java</file>
        <file>file:/C:/student/solutions/mod01_intro/exercise1/TestProject/src/Test2.java</file>
        <file>file:/C:/student/solutions/mod01_intro/exercise1/TestProject/src/Test3.java</file>
        <file>file:/C:/student/solutions/mod01_intro/exercise1/TestProject/src/Test4.java</file>
    </open-files>
</project-private>
