<?xml version="1.0" encoding="UTF-8"?>
<project-private xmlns="http://www.netbeans.org/ns/project-private/1">
    <editor-bookmarks xmlns="http://www.netbeans.org/ns/editor-bookmarks/1"/>
    <open-files xmlns="http://www.netbeans.org/ns/projectui-open-files/1">
        <file>file:/C:/student/solutions/mod02_OOP/exercise2/BankPrj/src/Account.java</file>
        <file>file:/C:/student/solutions/mod02_OOP/exercise2/BankPrj/src/TestAccount.java</file>
        <file>file:/C:/student/solutions/mod02_OOP/exercise2/BankPrj/src/TestAccount2.java</file>
    </open-files>
</project-private>
